{
  "offsets": [
    5,
    14,
    21,
    29,
    36,
    42,
    50,
    57
  ],
  "S": 8,
  "prediction": "111101101100111001011111000011010101101100100011000100000001000011100000110101010000010101011111000111001010001011100010110100010111111101100111001101110110010001110110110010011001001011111001",
  "training_accuracy": 0.799921875,
  "method": "meet_in_the_middle",
  "success": true,
  "elapsed": 3.1872689723968506
}